{"cameraMode":{"drawMode":0,"name":"Shaded","section":"Shading Mode"},"sceneLighting":false,"audioPlay":false,"sceneViewState":{"m_AlwaysRefresh":false,"showFog":true,"showSkybox":true,"showFlares":true,"showImageEffects":true,"showParticleSystems":true,"showVisualEffectGraphs":true,"m_FxEnabled":true},"in2DMode":false,"pivot":{"x":-0.16011829674243928,"y":17.19929313659668,"z":-11.821162223815918},"rotation":{"x":-0.36368635296821597,"y":0.020115720108151437,"z":-0.00786082074046135,"w":-0.9312834143638611},"size":3.9098246097564699,"orthographic":false}